,model,metric,fold,value
0,DecisionTree,accuracy,0,0.7272727272727273
1,DecisionTree,accuracy,1,0.7792207792207793
2,DecisionTree,accuracy,2,0.7792207792207793
3,DecisionTree,accuracy,3,0.8051948051948052
4,DecisionTree,accuracy,4,0.7792207792207793
5,DecisionTree,accuracy,5,0.7142857142857143
6,DecisionTree,accuracy,6,0.7012987012987013
7,DecisionTree,accuracy,7,0.7662337662337663
8,DecisionTree,accuracy,8,0.6973684210526315
9,DecisionTree,accuracy,9,0.6578947368421053
10,DecisionTree,precision,0,0.5789473684210527
11,DecisionTree,precision,1,0.7272727272727273
12,DecisionTree,precision,2,0.7083333333333334
13,DecisionTree,precision,3,0.7142857142857143
14,DecisionTree,precision,4,0.7272727272727273
15,DecisionTree,precision,5,0.6
16,DecisionTree,precision,6,0.5714285714285714
17,DecisionTree,precision,7,0.68
18,DecisionTree,precision,8,0.5483870967741935
19,DecisionTree,precision,9,0.5
20,DecisionTree,recall,0,0.8148148148148148
21,DecisionTree,recall,1,0.5925925925925926
22,DecisionTree,recall,2,0.6296296296296297
23,DecisionTree,recall,3,0.7407407407407407
24,DecisionTree,recall,4,0.5925925925925926
25,DecisionTree,recall,5,0.5555555555555556
26,DecisionTree,recall,6,0.5925925925925926
27,DecisionTree,recall,7,0.6296296296296297
28,DecisionTree,recall,8,0.6538461538461539
29,DecisionTree,recall,9,0.4230769230769231
30,DecisionTree,f1,0,0.676923076923077
31,DecisionTree,f1,1,0.6530612244897959
32,DecisionTree,f1,2,0.6666666666666666
33,DecisionTree,f1,3,0.7272727272727273
34,DecisionTree,f1,4,0.6530612244897959
35,DecisionTree,f1,5,0.5769230769230769
36,DecisionTree,f1,6,0.5818181818181818
37,DecisionTree,f1,7,0.6538461538461539
38,DecisionTree,f1,8,0.5964912280701754
39,DecisionTree,f1,9,0.4583333333333333
40,DecisionTree,balanced_accuracy,0,0.7474074074074074
41,DecisionTree,balanced_accuracy,1,0.7362962962962962
42,DecisionTree,balanced_accuracy,2,0.7448148148148148
43,DecisionTree,balanced_accuracy,3,0.7903703703703704
44,DecisionTree,balanced_accuracy,4,0.7362962962962962
45,DecisionTree,balanced_accuracy,5,0.6777777777777778
46,DecisionTree,balanced_accuracy,6,0.6762962962962963
47,DecisionTree,balanced_accuracy,7,0.7348148148148148
48,DecisionTree,balanced_accuracy,8,0.686923076923077
49,DecisionTree,balanced_accuracy,9,0.6015384615384616
50,DecisionTree,mcc,0,0.4722646907420217
51,DecisionTree,mcc,1,0.49918452017784487
52,DecisionTree,mcc,2,0.5044185153893525
53,DecisionTree,mcc,3,0.5760658398584765
54,DecisionTree,mcc,4,0.49918452017784487
55,DecisionTree,mcc,5,0.36232865092627065
56,DecisionTree,mcc,6,0.349754259914075
57,DecisionTree,mcc,7,0.4785757597651158
58,DecisionTree,mcc,8,0.3608921946768315
59,DecisionTree,mcc,9,0.21243400181751773
60,DecisionTree,tn_rate,0,0.44155844155844154
61,DecisionTree,tn_rate,1,0.5714285714285714
62,DecisionTree,tn_rate,2,0.5584415584415584
63,DecisionTree,tn_rate,3,0.5454545454545454
64,DecisionTree,tn_rate,4,0.5714285714285714
65,DecisionTree,tn_rate,5,0.5194805194805194
66,DecisionTree,tn_rate,6,0.4935064935064935
67,DecisionTree,tn_rate,7,0.5454545454545454
68,DecisionTree,tn_rate,8,0.47368421052631576
69,DecisionTree,tn_rate,9,0.5131578947368421
70,DecisionTree,fp_rate,0,0.2077922077922078
71,DecisionTree,fp_rate,1,0.07792207792207792
72,DecisionTree,fp_rate,2,0.09090909090909091
73,DecisionTree,fp_rate,3,0.1038961038961039
74,DecisionTree,fp_rate,4,0.07792207792207792
75,DecisionTree,fp_rate,5,0.12987012987012986
76,DecisionTree,fp_rate,6,0.15584415584415584
77,DecisionTree,fp_rate,7,0.1038961038961039
78,DecisionTree,fp_rate,8,0.18421052631578946
79,DecisionTree,fp_rate,9,0.14473684210526316
80,DecisionTree,fn_rate,0,0.06493506493506493
81,DecisionTree,fn_rate,1,0.14285714285714285
82,DecisionTree,fn_rate,2,0.12987012987012986
83,DecisionTree,fn_rate,3,0.09090909090909091
84,DecisionTree,fn_rate,4,0.14285714285714285
85,DecisionTree,fn_rate,5,0.15584415584415584
86,DecisionTree,fn_rate,6,0.14285714285714285
87,DecisionTree,fn_rate,7,0.12987012987012986
88,DecisionTree,fn_rate,8,0.11842105263157894
89,DecisionTree,fn_rate,9,0.19736842105263158
90,DecisionTree,tp_rate,0,0.2857142857142857
91,DecisionTree,tp_rate,1,0.2077922077922078
92,DecisionTree,tp_rate,2,0.22077922077922077
93,DecisionTree,tp_rate,3,0.2597402597402597
94,DecisionTree,tp_rate,4,0.2077922077922078
95,DecisionTree,tp_rate,5,0.19480519480519481
96,DecisionTree,tp_rate,6,0.2077922077922078
97,DecisionTree,tp_rate,7,0.22077922077922077
98,DecisionTree,tp_rate,8,0.2236842105263158
99,DecisionTree,tp_rate,9,0.14473684210526316
100,GradientBoosting,accuracy,0,0.7402597402597403
101,GradientBoosting,accuracy,1,0.7402597402597403
102,GradientBoosting,accuracy,2,0.7532467532467533
103,GradientBoosting,accuracy,3,0.8051948051948052
104,GradientBoosting,accuracy,4,0.8311688311688312
105,GradientBoosting,accuracy,5,0.7272727272727273
106,GradientBoosting,accuracy,6,0.7402597402597403
107,GradientBoosting,accuracy,7,0.7532467532467533
108,GradientBoosting,accuracy,8,0.7763157894736842
109,GradientBoosting,accuracy,9,0.631578947368421
110,GradientBoosting,precision,0,0.6129032258064516
111,GradientBoosting,precision,1,0.6666666666666666
112,GradientBoosting,precision,2,0.6428571428571429
113,GradientBoosting,precision,3,0.75
114,GradientBoosting,precision,4,0.7916666666666666
115,GradientBoosting,precision,5,0.6153846153846154
116,GradientBoosting,precision,6,0.6296296296296297
117,GradientBoosting,precision,7,0.6333333333333333
118,GradientBoosting,precision,8,0.6451612903225806
119,GradientBoosting,precision,9,0.4583333333333333
120,GradientBoosting,recall,0,0.7037037037037037
121,GradientBoosting,recall,1,0.5185185185185185
122,GradientBoosting,recall,2,0.6666666666666666
123,GradientBoosting,recall,3,0.6666666666666666
124,GradientBoosting,recall,4,0.7037037037037037
125,GradientBoosting,recall,5,0.5925925925925926
126,GradientBoosting,recall,6,0.6296296296296297
127,GradientBoosting,recall,7,0.7037037037037037
128,GradientBoosting,recall,8,0.7692307692307693
129,GradientBoosting,recall,9,0.4230769230769231
130,GradientBoosting,f1,0,0.6551724137931034
131,GradientBoosting,f1,1,0.5833333333333334
132,GradientBoosting,f1,2,0.6545454545454545
133,GradientBoosting,f1,3,0.7058823529411765
134,GradientBoosting,f1,4,0.7450980392156863
135,GradientBoosting,f1,5,0.6037735849056604
136,GradientBoosting,f1,6,0.6296296296296297
137,GradientBoosting,f1,7,0.6666666666666666
138,GradientBoosting,f1,8,0.7017543859649122
139,GradientBoosting,f1,9,0.44
140,GradientBoosting,balanced_accuracy,0,0.7318518518518519
141,GradientBoosting,balanced_accuracy,1,0.6892592592592592
142,GradientBoosting,balanced_accuracy,2,0.7333333333333334
143,GradientBoosting,balanced_accuracy,3,0.7733333333333333
144,GradientBoosting,balanced_accuracy,4,0.8018518518518518
145,GradientBoosting,balanced_accuracy,5,0.6962962962962963
146,GradientBoosting,balanced_accuracy,6,0.7148148148148148
147,GradientBoosting,balanced_accuracy,7,0.7418518518518519
148,GradientBoosting,balanced_accuracy,8,0.7746153846153847
149,GradientBoosting,balanced_accuracy,9,0.5815384615384616
150,GradientBoosting,mcc,0,0.4511777625672017
151,GradientBoosting,mcc,1,0.40555555555555556
152,GradientBoosting,mcc,2,0.4629100498862757
153,GradientBoosting,mcc,3,0.563178312189625
154,GradientBoosting,mcc,4,0.6219381089898975
155,GradientBoosting,mcc,5,0.3961295342422729
156,GradientBoosting,mcc,6,0.42962962962962964
157,GradientBoosting,mcc,7,0.4733002574487753
158,GradientBoosting,mcc,8,0.5301996440313944
159,GradientBoosting,mcc,9,0.16643968765065184
160,GradientBoosting,tn_rate,0,0.4935064935064935
161,GradientBoosting,tn_rate,1,0.5584415584415584
162,GradientBoosting,tn_rate,2,0.5194805194805194
163,GradientBoosting,tn_rate,3,0.5714285714285714
164,GradientBoosting,tn_rate,4,0.5844155844155844
165,GradientBoosting,tn_rate,5,0.5194805194805194
166,GradientBoosting,tn_rate,6,0.5194805194805194
167,GradientBoosting,tn_rate,7,0.5064935064935064
168,GradientBoosting,tn_rate,8,0.5131578947368421
169,GradientBoosting,tn_rate,9,0.4868421052631579
170,GradientBoosting,fp_rate,0,0.15584415584415584
171,GradientBoosting,fp_rate,1,0.09090909090909091
172,GradientBoosting,fp_rate,2,0.12987012987012986
173,GradientBoosting,fp_rate,3,0.07792207792207792
174,GradientBoosting,fp_rate,4,0.06493506493506493
175,GradientBoosting,fp_rate,5,0.12987012987012986
176,GradientBoosting,fp_rate,6,0.12987012987012986
177,GradientBoosting,fp_rate,7,0.14285714285714285
178,GradientBoosting,fp_rate,8,0.14473684210526316
179,GradientBoosting,fp_rate,9,0.17105263157894737
180,GradientBoosting,fn_rate,0,0.1038961038961039
181,GradientBoosting,fn_rate,1,0.16883116883116883
182,GradientBoosting,fn_rate,2,0.11688311688311688
183,GradientBoosting,fn_rate,3,0.11688311688311688
184,GradientBoosting,fn_rate,4,0.1038961038961039
185,GradientBoosting,fn_rate,5,0.14285714285714285
186,GradientBoosting,fn_rate,6,0.12987012987012986
187,GradientBoosting,fn_rate,7,0.1038961038961039
188,GradientBoosting,fn_rate,8,0.07894736842105263
189,GradientBoosting,fn_rate,9,0.19736842105263158
190,GradientBoosting,tp_rate,0,0.24675324675324675
191,GradientBoosting,tp_rate,1,0.18181818181818182
192,GradientBoosting,tp_rate,2,0.23376623376623376
193,GradientBoosting,tp_rate,3,0.23376623376623376
194,GradientBoosting,tp_rate,4,0.24675324675324675
195,GradientBoosting,tp_rate,5,0.2077922077922078
196,GradientBoosting,tp_rate,6,0.22077922077922077
197,GradientBoosting,tp_rate,7,0.24675324675324675
198,GradientBoosting,tp_rate,8,0.2631578947368421
199,GradientBoosting,tp_rate,9,0.14473684210526316
200,MultiLayerPerceptron,accuracy,0,0.7402597402597403
201,MultiLayerPerceptron,accuracy,1,0.7142857142857143
202,MultiLayerPerceptron,accuracy,2,0.6493506493506493
203,MultiLayerPerceptron,accuracy,3,0.7402597402597403
204,MultiLayerPerceptron,accuracy,4,0.6753246753246753
205,MultiLayerPerceptron,accuracy,5,0.7792207792207793
206,MultiLayerPerceptron,accuracy,6,0.6363636363636364
207,MultiLayerPerceptron,accuracy,7,0.7142857142857143
208,MultiLayerPerceptron,accuracy,8,0.7105263157894737
209,MultiLayerPerceptron,accuracy,9,0.6973684210526315
210,MultiLayerPerceptron,precision,0,0.7333333333333333
211,MultiLayerPerceptron,precision,1,0.6190476190476191
212,MultiLayerPerceptron,precision,2,0.5
213,MultiLayerPerceptron,precision,3,0.6129032258064516
214,MultiLayerPerceptron,precision,4,0.5714285714285714
215,MultiLayerPerceptron,precision,5,0.7083333333333334
216,MultiLayerPerceptron,precision,6,0.4838709677419355
217,MultiLayerPerceptron,precision,7,0.6086956521739131
218,MultiLayerPerceptron,precision,8,0.6666666666666666
219,MultiLayerPerceptron,precision,9,0.5714285714285714
220,MultiLayerPerceptron,recall,0,0.4074074074074074
221,MultiLayerPerceptron,recall,1,0.48148148148148145
222,MultiLayerPerceptron,recall,2,0.5185185185185185
223,MultiLayerPerceptron,recall,3,0.7037037037037037
224,MultiLayerPerceptron,recall,4,0.2962962962962963
225,MultiLayerPerceptron,recall,5,0.6296296296296297
226,MultiLayerPerceptron,recall,6,0.5555555555555556
227,MultiLayerPerceptron,recall,7,0.5185185185185185
228,MultiLayerPerceptron,recall,8,0.3076923076923077
229,MultiLayerPerceptron,recall,9,0.46153846153846156
230,MultiLayerPerceptron,f1,0,0.5238095238095238
231,MultiLayerPerceptron,f1,1,0.5416666666666666
232,MultiLayerPerceptron,f1,2,0.509090909090909
233,MultiLayerPerceptron,f1,3,0.6551724137931034
234,MultiLayerPerceptron,f1,4,0.3902439024390244
235,MultiLayerPerceptron,f1,5,0.6666666666666666
236,MultiLayerPerceptron,f1,6,0.5172413793103449
237,MultiLayerPerceptron,f1,7,0.56
238,MultiLayerPerceptron,f1,8,0.42105263157894735
239,MultiLayerPerceptron,f1,9,0.5106382978723404
240,MultiLayerPerceptron,balanced_accuracy,0,0.6637037037037037
241,MultiLayerPerceptron,balanced_accuracy,1,0.6607407407407407
242,MultiLayerPerceptron,balanced_accuracy,2,0.6192592592592592
243,MultiLayerPerceptron,balanced_accuracy,3,0.7318518518518519
244,MultiLayerPerceptron,balanced_accuracy,4,0.5881481481481481
245,MultiLayerPerceptron,balanced_accuracy,5,0.7448148148148148
246,MultiLayerPerceptron,balanced_accuracy,6,0.6177777777777778
247,MultiLayerPerceptron,balanced_accuracy,7,0.6692592592592592
248,MultiLayerPerceptron,balanced_accuracy,8,0.6138461538461539
249,MultiLayerPerceptron,balanced_accuracy,9,0.6407692307692308
250,MultiLayerPerceptron,mcc,0,0.39446993708322725
251,MultiLayerPerceptron,mcc,1,0.34444444444444444
252,MultiLayerPerceptron,mcc,2,0.23659846994187425
253,MultiLayerPerceptron,mcc,3,0.4511777625672017
254,MultiLayerPerceptron,mcc,4,0.2181101016938586
255,MultiLayerPerceptron,mcc,5,0.5044185153893525
256,MultiLayerPerceptron,mcc,6,0.2291925375341376
257,MultiLayerPerceptron,mcc,7,0.3529299526817895
258,MultiLayerPerceptron,mcc,8,0.2962370845394112
259,MultiLayerPerceptron,mcc,9,0.29868844171608855
260,MultiLayerPerceptron,tn_rate,0,0.5974025974025974
261,MultiLayerPerceptron,tn_rate,1,0.5454545454545454
262,MultiLayerPerceptron,tn_rate,2,0.4675324675324675
263,MultiLayerPerceptron,tn_rate,3,0.4935064935064935
264,MultiLayerPerceptron,tn_rate,4,0.5714285714285714
265,MultiLayerPerceptron,tn_rate,5,0.5584415584415584
266,MultiLayerPerceptron,tn_rate,6,0.44155844155844154
267,MultiLayerPerceptron,tn_rate,7,0.5324675324675324
268,MultiLayerPerceptron,tn_rate,8,0.6052631578947368
269,MultiLayerPerceptron,tn_rate,9,0.5394736842105263
270,MultiLayerPerceptron,fp_rate,0,0.05194805194805195
271,MultiLayerPerceptron,fp_rate,1,0.1038961038961039
272,MultiLayerPerceptron,fp_rate,2,0.18181818181818182
273,MultiLayerPerceptron,fp_rate,3,0.15584415584415584
274,MultiLayerPerceptron,fp_rate,4,0.07792207792207792
275,MultiLayerPerceptron,fp_rate,5,0.09090909090909091
276,MultiLayerPerceptron,fp_rate,6,0.2077922077922078
277,MultiLayerPerceptron,fp_rate,7,0.11688311688311688
278,MultiLayerPerceptron,fp_rate,8,0.05263157894736842
279,MultiLayerPerceptron,fp_rate,9,0.11842105263157894
280,MultiLayerPerceptron,fn_rate,0,0.2077922077922078
281,MultiLayerPerceptron,fn_rate,1,0.18181818181818182
282,MultiLayerPerceptron,fn_rate,2,0.16883116883116883
283,MultiLayerPerceptron,fn_rate,3,0.1038961038961039
284,MultiLayerPerceptron,fn_rate,4,0.24675324675324675
285,MultiLayerPerceptron,fn_rate,5,0.12987012987012986
286,MultiLayerPerceptron,fn_rate,6,0.15584415584415584
287,MultiLayerPerceptron,fn_rate,7,0.16883116883116883
288,MultiLayerPerceptron,fn_rate,8,0.23684210526315788
289,MultiLayerPerceptron,fn_rate,9,0.18421052631578946
290,MultiLayerPerceptron,tp_rate,0,0.14285714285714285
291,MultiLayerPerceptron,tp_rate,1,0.16883116883116883
292,MultiLayerPerceptron,tp_rate,2,0.18181818181818182
293,MultiLayerPerceptron,tp_rate,3,0.24675324675324675
294,MultiLayerPerceptron,tp_rate,4,0.1038961038961039
295,MultiLayerPerceptron,tp_rate,5,0.22077922077922077
296,MultiLayerPerceptron,tp_rate,6,0.19480519480519481
297,MultiLayerPerceptron,tp_rate,7,0.18181818181818182
298,MultiLayerPerceptron,tp_rate,8,0.10526315789473684
299,MultiLayerPerceptron,tp_rate,9,0.15789473684210525
300,LogisticRegression,accuracy,0,0.7402597402597403
301,LogisticRegression,accuracy,1,0.7792207792207793
302,LogisticRegression,accuracy,2,0.7792207792207793
303,LogisticRegression,accuracy,3,0.8051948051948052
304,LogisticRegression,accuracy,4,0.7662337662337663
305,LogisticRegression,accuracy,5,0.7922077922077922
306,LogisticRegression,accuracy,6,0.7792207792207793
307,LogisticRegression,accuracy,7,0.7272727272727273
308,LogisticRegression,accuracy,8,0.7368421052631579
309,LogisticRegression,accuracy,9,0.7105263157894737
310,LogisticRegression,precision,0,0.6666666666666666
311,LogisticRegression,precision,1,0.75
312,LogisticRegression,precision,2,0.75
313,LogisticRegression,precision,3,0.875
314,LogisticRegression,precision,4,0.7368421052631579
315,LogisticRegression,precision,5,0.7391304347826086
316,LogisticRegression,precision,6,0.8125
317,LogisticRegression,precision,7,0.6153846153846154
318,LogisticRegression,precision,8,0.5833333333333334
319,LogisticRegression,precision,9,0.6111111111111112
320,LogisticRegression,recall,0,0.5185185185185185
321,LogisticRegression,recall,1,0.5555555555555556
322,LogisticRegression,recall,2,0.5555555555555556
323,LogisticRegression,recall,3,0.5185185185185185
324,LogisticRegression,recall,4,0.5185185185185185
325,LogisticRegression,recall,5,0.6296296296296297
326,LogisticRegression,recall,6,0.48148148148148145
327,LogisticRegression,recall,7,0.5925925925925926
328,LogisticRegression,recall,8,0.8076923076923077
329,LogisticRegression,recall,9,0.4230769230769231
330,LogisticRegression,f1,0,0.5833333333333334
331,LogisticRegression,f1,1,0.6382978723404256
332,LogisticRegression,f1,2,0.6382978723404256
333,LogisticRegression,f1,3,0.6511627906976745
334,LogisticRegression,f1,4,0.6086956521739131
335,LogisticRegression,f1,5,0.68
336,LogisticRegression,f1,6,0.6046511627906976
337,LogisticRegression,f1,7,0.6037735849056604
338,LogisticRegression,f1,8,0.6774193548387096
339,LogisticRegression,f1,9,0.5
340,LogisticRegression,balanced_accuracy,0,0.6892592592592592
341,LogisticRegression,balanced_accuracy,1,0.7277777777777779
342,LogisticRegression,balanced_accuracy,2,0.7277777777777779
343,LogisticRegression,balanced_accuracy,3,0.7392592592592593
344,LogisticRegression,balanced_accuracy,4,0.7092592592592593
345,LogisticRegression,balanced_accuracy,5,0.7548148148148148
346,LogisticRegression,balanced_accuracy,6,0.7107407407407407
347,LogisticRegression,balanced_accuracy,7,0.6962962962962963
348,LogisticRegression,balanced_accuracy,8,0.7538461538461538
349,LogisticRegression,balanced_accuracy,9,0.6415384615384615
350,LogisticRegression,mcc,0,0.40555555555555556
351,LogisticRegression,mcc,1,0.4957421042418413
352,LogisticRegression,mcc,2,0.4957421042418413
353,LogisticRegression,mcc,3,0.5627826821234976
354,LogisticRegression,mcc,4,0.46322369481325704
355,LogisticRegression,mcc,5,0.5313256180417312
356,LogisticRegression,mcc,6,0.49570177419236866
357,LogisticRegression,mcc,7,0.3961295342422729
358,LogisticRegression,mcc,8,0.48238191061886604
359,LogisticRegression,mcc,9,0.31588273760975755
360,LogisticRegression,tn_rate,0,0.5584415584415584
361,LogisticRegression,tn_rate,1,0.5844155844155844
362,LogisticRegression,tn_rate,2,0.5844155844155844
363,LogisticRegression,tn_rate,3,0.6233766233766234
364,LogisticRegression,tn_rate,4,0.5844155844155844
365,LogisticRegression,tn_rate,5,0.5714285714285714
366,LogisticRegression,tn_rate,6,0.6103896103896104
367,LogisticRegression,tn_rate,7,0.5194805194805194
368,LogisticRegression,tn_rate,8,0.4605263157894737
369,LogisticRegression,tn_rate,9,0.5657894736842105
370,LogisticRegression,fp_rate,0,0.09090909090909091
371,LogisticRegression,fp_rate,1,0.06493506493506493
372,LogisticRegression,fp_rate,2,0.06493506493506493
373,LogisticRegression,fp_rate,3,0.025974025974025976
374,LogisticRegression,fp_rate,4,0.06493506493506493
375,LogisticRegression,fp_rate,5,0.07792207792207792
376,LogisticRegression,fp_rate,6,0.03896103896103896
377,LogisticRegression,fp_rate,7,0.12987012987012986
378,LogisticRegression,fp_rate,8,0.19736842105263158
379,LogisticRegression,fp_rate,9,0.09210526315789473
380,LogisticRegression,fn_rate,0,0.16883116883116883
381,LogisticRegression,fn_rate,1,0.15584415584415584
382,LogisticRegression,fn_rate,2,0.15584415584415584
383,LogisticRegression,fn_rate,3,0.16883116883116883
384,LogisticRegression,fn_rate,4,0.16883116883116883
385,LogisticRegression,fn_rate,5,0.12987012987012986
386,LogisticRegression,fn_rate,6,0.18181818181818182
387,LogisticRegression,fn_rate,7,0.14285714285714285
388,LogisticRegression,fn_rate,8,0.06578947368421052
389,LogisticRegression,fn_rate,9,0.19736842105263158
390,LogisticRegression,tp_rate,0,0.18181818181818182
391,LogisticRegression,tp_rate,1,0.19480519480519481
392,LogisticRegression,tp_rate,2,0.19480519480519481
393,LogisticRegression,tp_rate,3,0.18181818181818182
394,LogisticRegression,tp_rate,4,0.18181818181818182
395,LogisticRegression,tp_rate,5,0.22077922077922077
396,LogisticRegression,tp_rate,6,0.16883116883116883
397,LogisticRegression,tp_rate,7,0.2077922077922078
398,LogisticRegression,tp_rate,8,0.27631578947368424
399,LogisticRegression,tp_rate,9,0.14473684210526316
400,RandomForest,accuracy,0,0.7662337662337663
401,RandomForest,accuracy,1,0.7792207792207793
402,RandomForest,accuracy,2,0.7272727272727273
403,RandomForest,accuracy,3,0.8181818181818182
404,RandomForest,accuracy,4,0.8311688311688312
405,RandomForest,accuracy,5,0.7272727272727273
406,RandomForest,accuracy,6,0.7272727272727273
407,RandomForest,accuracy,7,0.7662337662337663
408,RandomForest,accuracy,8,0.75
409,RandomForest,accuracy,9,0.6973684210526315
410,RandomForest,precision,0,0.6666666666666666
411,RandomForest,precision,1,0.7777777777777778
412,RandomForest,precision,2,0.625
413,RandomForest,precision,3,0.8095238095238095
414,RandomForest,precision,4,0.8181818181818182
415,RandomForest,precision,5,0.625
416,RandomForest,precision,6,0.6666666666666666
417,RandomForest,precision,7,0.6551724137931034
418,RandomForest,precision,8,0.64
419,RandomForest,precision,9,0.5714285714285714
420,RandomForest,recall,0,0.6666666666666666
421,RandomForest,recall,1,0.5185185185185185
422,RandomForest,recall,2,0.5555555555555556
423,RandomForest,recall,3,0.6296296296296297
424,RandomForest,recall,4,0.6666666666666666
425,RandomForest,recall,5,0.5555555555555556
426,RandomForest,recall,6,0.4444444444444444
427,RandomForest,recall,7,0.7037037037037037
428,RandomForest,recall,8,0.6153846153846154
429,RandomForest,recall,9,0.46153846153846156
430,RandomForest,f1,0,0.6666666666666666
431,RandomForest,f1,1,0.6222222222222222
432,RandomForest,f1,2,0.5882352941176471
433,RandomForest,f1,3,0.7083333333333334
434,RandomForest,f1,4,0.7346938775510204
435,RandomForest,f1,5,0.5882352941176471
436,RandomForest,f1,6,0.5333333333333333
437,RandomForest,f1,7,0.6785714285714286
438,RandomForest,f1,8,0.6274509803921569
439,RandomForest,f1,9,0.5106382978723404
440,RandomForest,balanced_accuracy,0,0.7433333333333333
441,RandomForest,balanced_accuracy,1,0.7192592592592593
442,RandomForest,balanced_accuracy,2,0.6877777777777778
443,RandomForest,balanced_accuracy,3,0.7748148148148148
444,RandomForest,balanced_accuracy,4,0.7933333333333333
445,RandomForest,balanced_accuracy,5,0.6877777777777778
446,RandomForest,balanced_accuracy,6,0.6622222222222223
447,RandomForest,balanced_accuracy,7,0.7518518518518519
448,RandomForest,balanced_accuracy,8,0.7176923076923076
449,RandomForest,balanced_accuracy,9,0.6407692307692308
450,RandomForest,mcc,0,0.4866666666666667
451,RandomForest,mcc,1,0.4944160539751941
452,RandomForest,mcc,2,0.3868989217888074
453,RandomForest,mcc,3,0.5888888888888889
454,RandomForest,mcc,4,0.6196773353931867
455,RandomForest,mcc,5,0.3868989217888074
456,RandomForest,mcc,6,0.3658010669613767
457,RandomForest,mcc,7,0.49604652413672967
458,RandomForest,mcc,8,0.43963237075742945
459,RandomForest,mcc,9,0.29868844171608855
460,RandomForest,tn_rate,0,0.5324675324675324
461,RandomForest,tn_rate,1,0.5974025974025974
462,RandomForest,tn_rate,2,0.5324675324675324
463,RandomForest,tn_rate,3,0.5974025974025974
464,RandomForest,tn_rate,4,0.5974025974025974
465,RandomForest,tn_rate,5,0.5324675324675324
466,RandomForest,tn_rate,6,0.5714285714285714
467,RandomForest,tn_rate,7,0.5194805194805194
468,RandomForest,tn_rate,8,0.5394736842105263
469,RandomForest,tn_rate,9,0.5394736842105263
470,RandomForest,fp_rate,0,0.11688311688311688
471,RandomForest,fp_rate,1,0.05194805194805195
472,RandomForest,fp_rate,2,0.11688311688311688
473,RandomForest,fp_rate,3,0.05194805194805195
474,RandomForest,fp_rate,4,0.05194805194805195
475,RandomForest,fp_rate,5,0.11688311688311688
476,RandomForest,fp_rate,6,0.07792207792207792
477,RandomForest,fp_rate,7,0.12987012987012986
478,RandomForest,fp_rate,8,0.11842105263157894
479,RandomForest,fp_rate,9,0.11842105263157894
480,RandomForest,fn_rate,0,0.11688311688311688
481,RandomForest,fn_rate,1,0.16883116883116883
482,RandomForest,fn_rate,2,0.15584415584415584
483,RandomForest,fn_rate,3,0.12987012987012986
484,RandomForest,fn_rate,4,0.11688311688311688
485,RandomForest,fn_rate,5,0.15584415584415584
486,RandomForest,fn_rate,6,0.19480519480519481
487,RandomForest,fn_rate,7,0.1038961038961039
488,RandomForest,fn_rate,8,0.13157894736842105
489,RandomForest,fn_rate,9,0.18421052631578946
490,RandomForest,tp_rate,0,0.23376623376623376
491,RandomForest,tp_rate,1,0.18181818181818182
492,RandomForest,tp_rate,2,0.19480519480519481
493,RandomForest,tp_rate,3,0.22077922077922077
494,RandomForest,tp_rate,4,0.23376623376623376
495,RandomForest,tp_rate,5,0.19480519480519481
496,RandomForest,tp_rate,6,0.15584415584415584
497,RandomForest,tp_rate,7,0.24675324675324675
498,RandomForest,tp_rate,8,0.21052631578947367
499,RandomForest,tp_rate,9,0.15789473684210525
500,KNearestNeighbor,accuracy,0,0.7922077922077922
501,KNearestNeighbor,accuracy,1,0.7662337662337663
502,KNearestNeighbor,accuracy,2,0.7012987012987013
503,KNearestNeighbor,accuracy,3,0.8311688311688312
504,KNearestNeighbor,accuracy,4,0.7012987012987013
505,KNearestNeighbor,accuracy,5,0.7922077922077922
506,KNearestNeighbor,accuracy,6,0.7402597402597403
507,KNearestNeighbor,accuracy,7,0.7662337662337663
508,KNearestNeighbor,accuracy,8,0.6842105263157895
509,KNearestNeighbor,accuracy,9,0.6578947368421053
510,KNearestNeighbor,precision,0,0.7391304347826086
511,KNearestNeighbor,precision,1,0.6956521739130435
512,KNearestNeighbor,precision,2,0.5833333333333334
513,KNearestNeighbor,precision,3,0.8181818181818182
514,KNearestNeighbor,precision,4,0.5833333333333334
515,KNearestNeighbor,precision,5,0.7894736842105263
516,KNearestNeighbor,precision,6,0.6521739130434783
517,KNearestNeighbor,precision,7,0.6363636363636364
518,KNearestNeighbor,precision,8,0.5294117647058824
519,KNearestNeighbor,precision,9,0.5
520,KNearestNeighbor,recall,0,0.6296296296296297
521,KNearestNeighbor,recall,1,0.5925925925925926
522,KNearestNeighbor,recall,2,0.5185185185185185
523,KNearestNeighbor,recall,3,0.6666666666666666
524,KNearestNeighbor,recall,4,0.5185185185185185
525,KNearestNeighbor,recall,5,0.5555555555555556
526,KNearestNeighbor,recall,6,0.5555555555555556
527,KNearestNeighbor,recall,7,0.7777777777777778
528,KNearestNeighbor,recall,8,0.6923076923076923
529,KNearestNeighbor,recall,9,0.38461538461538464
530,KNearestNeighbor,f1,0,0.68
531,KNearestNeighbor,f1,1,0.64
532,KNearestNeighbor,f1,2,0.5490196078431373
533,KNearestNeighbor,f1,3,0.7346938775510204
534,KNearestNeighbor,f1,4,0.5490196078431373
535,KNearestNeighbor,f1,5,0.6521739130434783
536,KNearestNeighbor,f1,6,0.6
537,KNearestNeighbor,f1,7,0.7
538,KNearestNeighbor,f1,8,0.6
539,KNearestNeighbor,f1,9,0.43478260869565216
540,KNearestNeighbor,balanced_accuracy,0,0.7548148148148148
541,KNearestNeighbor,balanced_accuracy,1,0.7262962962962962
542,KNearestNeighbor,balanced_accuracy,2,0.6592592592592592
543,KNearestNeighbor,balanced_accuracy,3,0.7933333333333333
544,KNearestNeighbor,balanced_accuracy,4,0.6592592592592592
545,KNearestNeighbor,balanced_accuracy,5,0.7377777777777779
546,KNearestNeighbor,balanced_accuracy,6,0.6977777777777778
547,KNearestNeighbor,balanced_accuracy,7,0.768888888888889
548,KNearestNeighbor,balanced_accuracy,8,0.6861538461538461
549,KNearestNeighbor,balanced_accuracy,9,0.5923076923076923
550,KNearestNeighbor,mcc,0,0.5313256180417312
551,KNearestNeighbor,mcc,1,0.47186039625508397
552,KNearestNeighbor,mcc,2,0.32813912498853487
553,KNearestNeighbor,mcc,3,0.6196773353931867
554,KNearestNeighbor,mcc,4,0.32813912498853487
555,KNearestNeighbor,mcc,5,0.5263532956993116
556,KNearestNeighbor,mcc,6,0.4123951744684367
557,KNearestNeighbor,mcc,7,0.5185449728701349
558,KNearestNeighbor,mcc,8,0.355229955778562
559,KNearestNeighbor,mcc,9,0.19889806323953874
560,KNearestNeighbor,tn_rate,0,0.5714285714285714
561,KNearestNeighbor,tn_rate,1,0.5584415584415584
562,KNearestNeighbor,tn_rate,2,0.5194805194805194
563,KNearestNeighbor,tn_rate,3,0.5974025974025974
564,KNearestNeighbor,tn_rate,4,0.5194805194805194
565,KNearestNeighbor,tn_rate,5,0.5974025974025974
566,KNearestNeighbor,tn_rate,6,0.5454545454545454
567,KNearestNeighbor,tn_rate,7,0.4935064935064935
568,KNearestNeighbor,tn_rate,8,0.4473684210526316
569,KNearestNeighbor,tn_rate,9,0.5263157894736842
570,KNearestNeighbor,fp_rate,0,0.07792207792207792
571,KNearestNeighbor,fp_rate,1,0.09090909090909091
572,KNearestNeighbor,fp_rate,2,0.12987012987012986
573,KNearestNeighbor,fp_rate,3,0.05194805194805195
574,KNearestNeighbor,fp_rate,4,0.12987012987012986
575,KNearestNeighbor,fp_rate,5,0.05194805194805195
576,KNearestNeighbor,fp_rate,6,0.1038961038961039
577,KNearestNeighbor,fp_rate,7,0.15584415584415584
578,KNearestNeighbor,fp_rate,8,0.21052631578947367
579,KNearestNeighbor,fp_rate,9,0.13157894736842105
580,KNearestNeighbor,fn_rate,0,0.12987012987012986
581,KNearestNeighbor,fn_rate,1,0.14285714285714285
582,KNearestNeighbor,fn_rate,2,0.16883116883116883
583,KNearestNeighbor,fn_rate,3,0.11688311688311688
584,KNearestNeighbor,fn_rate,4,0.16883116883116883
585,KNearestNeighbor,fn_rate,5,0.15584415584415584
586,KNearestNeighbor,fn_rate,6,0.15584415584415584
587,KNearestNeighbor,fn_rate,7,0.07792207792207792
588,KNearestNeighbor,fn_rate,8,0.10526315789473684
589,KNearestNeighbor,fn_rate,9,0.21052631578947367
590,KNearestNeighbor,tp_rate,0,0.22077922077922077
591,KNearestNeighbor,tp_rate,1,0.2077922077922078
592,KNearestNeighbor,tp_rate,2,0.18181818181818182
593,KNearestNeighbor,tp_rate,3,0.23376623376623376
594,KNearestNeighbor,tp_rate,4,0.18181818181818182
595,KNearestNeighbor,tp_rate,5,0.19480519480519481
596,KNearestNeighbor,tp_rate,6,0.19480519480519481
597,KNearestNeighbor,tp_rate,7,0.2727272727272727
598,KNearestNeighbor,tp_rate,8,0.23684210526315788
599,KNearestNeighbor,tp_rate,9,0.13157894736842105
